{
  "name": "shouldi.care Evidence Archive",
  "version": "2025.12.04",
  "curator": "The Guilty Project",
  "license": "CC0 1.0 Universal (Public Domain)",
  
  "epics": {
    "criminal": {
      "file": "criminal.zip",
      "title": "Federal Wire Fraud Prosecution",
      "summary": "Defense attorney refused to present evidence that OfficeMax's website explicitly authorized the charged conduct. Attorney later appointed magistrate judge.",
      "document_count": 10,
      "key_evidence": [
        "Website permission language",
        "Sworn statement re: suppressed posterboard",
        "Judgment errors (pleaded guilty → found guilty)",
        "Defense attorney magistrate appointment"
      ],
      "connections": ["marital", "civil"]
    },
    
    "medical": {
      "file": "medical.zip",
      "title": "Ghost Physicians and Fabricated Records",
      "summary": "11-day psychiatric detention where the 'attending physician' never examined the patient. US Marshals interrogation inside facility without counsel. Held 3 days past medical clearance.",
      "document_count": 10,
      "key_evidence": [
        "EHR audit log showing mass-signed orders",
        "Physician order for sedation 'in case he wants to flee'",
        "Documentation of detention past medical clearance",
        "Dangerous sodium overcorrection"
      ],
      "connections": ["civil"]
    },
    
    "marital": {
      "file": "marital.zip",
      "title": "Cooperation, Coercion, and Coordinated Betrayal",
      "summary": "Co-defendant wife got probation while husband got prison. Timeline suggests cooperation before, during, and after prosecution.",
      "document_count": 5,
      "key_evidence": [
        "Raid timeline (2.5 months after wedding)",
        "Attorney recommendation by co-defendant",
        "Both defense attorneys saw evidence, neither used it",
        "Divorce decree irregularities"
      ],
      "connections": ["criminal"]
    },
    
    "civil": {
      "file": "civil.zip",
      "title": "Ongoing Litigation",
      "summary": "Active settlement demands, regulatory complaints, and tort claims arising from documented misconduct.",
      "document_count": 5,
      "key_evidence": [
        "Settlement demands sent",
        "Medical board complaints filed",
        "HIPAA complaints in preparation",
        "Statute of limitations tracking"
      ],
      "connections": ["criminal", "medical", "marital"]
    }
  },
  
  "suggested_prompts": {
    "general": "Read the documents in this archive and tell me what you find. Be direct. Should I care about this?",
    "legal": "Analyze these documents for potential legal violations. What laws may have been broken? What remedies exist?",
    "pattern": "Look for patterns across these documents. What systemic issues do they reveal?",
    "skeptical": "Be adversarial. What would need to be true for these allegations to be FALSE? Poke holes."
  },
  
  "verification": {
    "note": "Primary source documents are self-authenticating. Court records are from PACER. Medical records were obtained via HIPAA request. Archive.org captures can be independently verified.",
    "sha256": "[TO BE COMPUTED]"
  }
}
